{"cameraMode":{"drawMode":0,"name":"Shaded","section":"Shading Mode"},"sceneLighting":false,"audioPlay":false,"sceneViewState":{"showFog":true,"showMaterialUpdate":false,"showSkybox":false,"showFlares":true,"showImageEffects":true,"showParticleSystems":true},"in2DMode":false,"pivot":{"x":-181.5044708251953,"y":-265.38751220703127,"z":8.948680877685547},"rotation":{"x":0.050165433436632159,"y":0.13755393028259278,"z":0.007221098057925701,"w":-0.9894354343414307},"size":7.694062232971191,"orthographic":false}