{"cameraMode":{"drawMode":0,"name":"Shaded","section":"Shading Mode"},"sceneLighting":false,"audioPlay":false,"sceneViewState":{"showFog":true,"showMaterialUpdate":false,"showSkybox":false,"showFlares":true,"showImageEffects":true,"showParticleSystems":true},"in2DMode":false,"pivot":{"x":-3.676382064819336,"y":14.44999885559082,"z":-83.70153045654297},"rotation":{"x":-0.10337407141923905,"y":-0.18230581283569337,"z":0.01915833167731762,"w":-0.9778072834014893},"size":7.507185459136963,"orthographic":false}