{"cameraMode":{"drawMode":0,"name":"Shaded","section":"Shading Mode"},"sceneLighting":false,"audioPlay":false,"sceneViewState":{"showFog":true,"showMaterialUpdate":false,"showSkybox":false,"showFlares":true,"showImageEffects":true,"showParticleSystems":true},"in2DMode":false,"pivot":{"x":-3.814300060272217,"y":3.0563814640045168,"z":7.034150123596191},"rotation":{"x":0.07357370108366013,"y":-0.4848814010620117,"z":0.040968749672174457,"w":0.8705413341522217},"size":0.795773983001709,"orthographic":false}