{"cameraMode":{"drawMode":0,"name":"Shaded","section":"Shading Mode"},"sceneLighting":false,"audioPlay":false,"sceneViewState":{"showFog":true,"showMaterialUpdate":false,"showSkybox":false,"showFlares":true,"showImageEffects":true,"showParticleSystems":true},"in2DMode":false,"pivot":{"x":-210.27774047851563,"y":-300.681640625,"z":73.85148620605469},"rotation":{"x":-0.177027627825737,"y":-0.1585884392261505,"z":0.02893839217722416,"w":-0.9711685180664063},"size":8.608080863952637,"orthographic":false}