{"cameraMode":{"drawMode":0,"name":"Shaded","section":"Shading Mode"},"sceneLighting":false,"audioPlay":false,"sceneViewState":{"showFog":true,"showMaterialUpdate":false,"showSkybox":false,"showFlares":true,"showImageEffects":true,"showParticleSystems":true},"in2DMode":false,"pivot":{"x":-4.1860175132751469,"y":8.850451469421387,"z":-130.0524139404297},"rotation":{"x":0.052632398903369907,"y":0.7593334913253784,"z":-0.05992888659238815,"w":0.646327018737793},"size":2.049468517303467,"orthographic":false}