{"cameraMode":{"drawMode":0,"name":"Shaded","section":"Shading Mode"},"sceneLighting":false,"audioPlay":false,"sceneViewState":{"showFog":true,"showMaterialUpdate":false,"showSkybox":false,"showFlares":true,"showImageEffects":true,"showParticleSystems":true},"in2DMode":false,"pivot":{"x":-6.090455532073975,"y":2.779928207397461,"z":9.370731353759766},"rotation":{"x":0.08928587287664414,"y":-0.22623682022094727,"z":0.020823799073696138,"w":0.9697697758674622},"size":2.037264108657837,"orthographic":false}