{"cameraMode":{"drawMode":0,"name":"Shaded","section":"Shading Mode"},"sceneLighting":false,"audioPlay":false,"sceneViewState":{"showFog":true,"showMaterialUpdate":false,"showSkybox":false,"showFlares":true,"showImageEffects":true,"showParticleSystems":true},"in2DMode":false,"pivot":{"x":-89.80918884277344,"y":-114.27278137207031,"z":228.32125854492188},"rotation":{"x":-0.30694401264190676,"y":0.044242341071367267,"z":-0.0150365075096488,"w":-0.9507771730422974},"size":245.16659545898438,"orthographic":false}