{"cameraMode":{"drawMode":0,"name":"Shaded","section":"Shading Mode"},"sceneLighting":false,"audioPlay":false,"sceneViewState":{"showFog":true,"showMaterialUpdate":false,"showSkybox":false,"showFlares":true,"showImageEffects":true,"showParticleSystems":true},"in2DMode":false,"pivot":{"x":-22.403629302978517,"y":23.09153175354004,"z":-79.75360107421875},"rotation":{"x":-0.06553784012794495,"y":-0.3245777189731598,"z":0.022419489920139314,"w":-0.9435293078422546},"size":7.558411121368408,"orthographic":false}