{"cameraMode":{"drawMode":0,"name":"Shaded","section":"Shading Mode"},"sceneLighting":false,"audioPlay":false,"sceneViewState":{"showFog":true,"showMaterialUpdate":false,"showSkybox":false,"showFlares":true,"showImageEffects":true,"showParticleSystems":true},"in2DMode":false,"pivot":{"x":-4.685768127441406,"y":8.635904312133789,"z":-126.58177947998047},"rotation":{"x":0.052632398903369907,"y":0.7593334913253784,"z":-0.05992888659238815,"w":0.646327018737793},"size":1.4949676990509034,"orthographic":false}