{"cameraMode":{"drawMode":0,"name":"Shaded","section":"Shading Mode"},"sceneLighting":true,"audioPlay":false,"sceneViewState":{"showFog":true,"showMaterialUpdate":false,"showSkybox":true,"showFlares":true,"showImageEffects":true,"showParticleSystems":true},"in2DMode":false,"pivot":{"x":119.23837280273438,"y":351.42462158203127,"z":30.93499755859375},"rotation":{"x":-0.14687107503414155,"y":-0.14276744425296784,"z":0.020648395642638208,"w":-0.9789532423019409},"size":663.3759765625,"orthographic":false}