{"cameraMode":{"drawMode":0,"name":"Shaded","section":"Shading Mode"},"sceneLighting":false,"audioPlay":false,"sceneViewState":{"showFog":true,"showMaterialUpdate":false,"showSkybox":false,"showFlares":true,"showImageEffects":true,"showParticleSystems":true},"in2DMode":false,"pivot":{"x":-7.459456443786621,"y":8.642942428588868,"z":-102.598876953125},"rotation":{"x":0.01192252803593874,"y":0.32222798466682436,"z":-0.0031788439955562355,"w":0.9468761682510376},"size":3.6816134452819826,"orthographic":false}