{"cameraMode":{"drawMode":0,"name":"Shaded","section":"Shading Mode"},"sceneLighting":false,"audioPlay":false,"sceneViewState":{"showFog":true,"showMaterialUpdate":false,"showSkybox":false,"showFlares":true,"showImageEffects":true,"showParticleSystems":true},"in2DMode":false,"pivot":{"x":-203.6592559814453,"y":-300.28460693359377,"z":61.92775344848633},"rotation":{"x":0.22769087553024293,"y":0.09051673114299774,"z":0.021515894681215287,"w":-0.9695224761962891},"size":7.662391662597656,"orthographic":false}