{"cameraMode":{"drawMode":0,"name":"Shaded","section":"Shading Mode"},"sceneLighting":false,"audioPlay":false,"sceneViewState":{"showFog":true,"showMaterialUpdate":false,"showSkybox":false,"showFlares":true,"showImageEffects":true,"showParticleSystems":true},"in2DMode":false,"pivot":{"x":-6.843291759490967,"y":10.751402854919434,"z":-100.53561401367188},"rotation":{"x":0.004274190869182348,"y":0.5196996331214905,"z":-0.0022277284879237415,"w":0.8545289039611816},"size":1.8982030153274537,"orthographic":false}